ID_Client,Revenu_Mensuel,Montant_Credit,Duree_Credit,Age,Statut_Emploi,Nbr_Total_Credits,Nbr_Credits_Payes,Nbr_Credits_NonPayes,Historique_Credit,Defaut_Paiement
1,171958,1656617,56,26,Sans emploi,3,2,1,1,0
2,196867,1466199,8,52,CDI,3,0,3,0,1
3,181932,1365040,45,38,CDI,6,5,1,1,0
4,415838,1891305,39,26,CDD,4,0,4,0,1
5,309178,1659312,45,45,CDI,6,0,6,0,1
6,169879,1954971,32,63,CDD,3,1,2,0,1
7,160268,1465843,18,24,Sans emploi,4,1,3,0,1
8,257892,750199,50,33,Sans emploi,9,0,9,0,1
9,104886,323777,38,33,Indépendant,5,5,0,1,0
10,187337,959909,11,50,Indépendant,7,0,7,0,1
11,480410,1949396,29,21,Indépendant,2,1,1,0,1
12,137498,1154145,24,21,CDI,5,4,1,1,0
13,424871,694124,21,56,Sans emploi,9,5,4,0,1
14,438468,728861,45,57,CDD,3,2,1,1,0
15,225203,529802,33,34,Indépendant,9,7,2,1,0
16,241335,358090,38,54,CDD,6,4,2,0,1
17,328167,1815951,53,56,CDD,4,4,0,1,0
18,91090,1193578,46,46,Indépendant,7,2,5,0,1
19,379365,871954,18,53,Sans emploi,8,0,8,0,1
20,114820,761614,48,55,Indépendant,6,6,0,1,0
21,312913,779574,50,56,CDD,5,4,1,1,0
22,371879,598870,30,54,Indépendant,6,2,4,0,1
23,244027,1360367,58,52,CDD,5,3,2,0,1
24,377069,302846,47,24,CDD,8,5,3,0,1
25,302709,1810026,41,44,Indépendant,1,0,1,0,1
26,249041,766997,32,45,CDI,7,5,2,1,0
27,317455,1826351,43,39,Indépendant,2,1,1,0,1
28,153355,1172647,12,31,CDI,9,0,9,0,1
29,285796,1731107,10,24,CDD,1,0,1,0,1
30,264176,1128455,48,54,CDD,6,0,6,0,1
31,234779,1012259,50,39,CDI,9,1,8,0,1
32,397449,272312,56,22,CDD,1,1,0,1,0
33,471909,1405794,36,19,CDI,4,4,0,1,0
34,308795,1363455,28,44,CDI,4,1,3,0,1
35,442752,1512290,47,38,CDD,9,3,6,0,1
36,206730,526650,15,55,Sans emploi,5,5,0,1,0
37,396622,431868,37,32,CDI,5,5,0,1,0
38,434681,1701596,48,38,Indépendant,6,2,4,0,1
39,199503,1794329,58,27,Indépendant,1,1,0,1,0
40,180523,1028818,35,40,CDD,1,1,0,1,0
41,52747,1565746,44,56,Sans emploi,9,1,8,0,1
42,173855,157108,36,22,CDD,3,3,0,1,0
43,115725,1629297,23,18,Sans emploi,4,0,4,0,1
44,179981,1259771,41,30,CDI,1,0,1,0,1
45,134654,1185244,7,38,CDI,9,6,3,0,1
46,478989,385205,19,43,CDI,8,6,2,1,0
47,431490,1489972,18,62,CDI,2,2,0,1,0
48,117435,1712613,34,38,Indépendant,8,2,6,0,1
49,369030,230560,17,35,Indépendant,7,6,1,1,0
50,378947,1147172,44,54,CDD,6,2,4,0,1
51,81551,1515400,7,62,Sans emploi,1,0,1,0,1
52,428360,247979,37,49,CDI,7,3,4,0,1
53,323538,1298425,18,53,CDI,7,2,5,0,1
54,381236,848589,51,34,Sans emploi,9,0,9,0,1
55,53890,151745,32,52,Sans emploi,1,0,1,0,1
56,91606,1519184,54,28,CDD,2,2,0,1,0
57,306840,191865,46,38,Sans emploi,9,3,6,0,1
58,399457,1361466,22,43,CDI,9,3,6,0,1
59,191699,1172200,45,21,CDI,6,2,4,0,1
60,320936,123321,36,51,CDI,6,1,5,0,1
61,289931,503704,39,35,CDI,4,3,1,1,0
62,289629,909006,29,57,CDI,4,4,0,1,0
63,255041,1322869,50,52,CDD,5,4,1,1,0
64,224073,1027982,40,58,CDI,3,0,3,0,1
65,257624,1931991,53,46,CDD,1,0,1,0,1
66,467113,286717,11,46,CDI,1,0,1,0,1
67,118148,1128202,24,55,Indépendant,7,1,6,0,1
68,302801,1529551,35,59,Indépendant,1,0,1,0,1
69,174243,283868,12,38,Indépendant,1,0,1,0,1
70,301995,759792,15,59,Indépendant,3,3,0,1,0
71,432318,195257,46,30,CDD,4,3,1,1,0
72,204555,688579,37,58,CDD,4,4,0,1,0
73,436502,310176,39,34,Sans emploi,2,1,1,0,1
74,98555,290471,33,26,CDI,1,1,0,1,0
75,306508,1014032,20,58,Indépendant,3,3,0,1,0
76,329303,572930,35,18,CDD,4,4,0,1,0
77,422654,1985436,42,19,CDI,3,3,0,1,0
78,156530,1891667,34,46,CDI,8,3,5,0,1
79,130077,1667438,27,50,CDD,1,1,0,1,0
80,348064,1624350,9,27,Indépendant,2,2,0,1,0
81,250551,1017559,25,57,Sans emploi,7,7,0,1,0
82,331601,735605,37,38,CDI,4,3,1,1,0
83,258261,1288365,41,45,Sans emploi,8,3,5,0,1
84,290181,489593,55,28,Indépendant,3,0,3,0,1
85,391097,915131,9,51,Indépendant,6,1,5,0,1
86,365139,1222262,32,25,Sans emploi,9,1,8,0,1
87,221829,167661,22,39,Indépendant,1,0,1,0,1
88,321836,668535,17,25,CDI,1,0,1,0,1
89,488974,1393697,27,32,Sans emploi,8,5,3,0,1
90,252283,1820684,22,34,Indépendant,3,3,0,1,0
91,246769,1515833,15,40,Sans emploi,5,2,3,0,1
92,87065,366765,59,41,CDI,1,0,1,0,1
93,273165,1294682,6,62,Indépendant,5,0,5,0,1
94,149299,1407506,27,36,CDI,6,6,0,1,0
95,475822,760482,31,22,Indépendant,8,1,7,0,1
96,61534,904462,23,49,CDD,3,3,0,1,0
97,90397,969270,55,61,Indépendant,3,2,1,0,1
98,307750,548874,19,18,Sans emploi,9,7,2,1,0
99,403531,1711502,52,40,Indépendant,4,3,1,1,0
100,313160,953499,34,54,CDI,4,2,2,0,1
101,105591,1123980,17,25,CDI,7,6,1,1,0
102,270884,218033,41,30,Indépendant,2,1,1,1,0
103,73247,730265,40,25,Sans emploi,8,8,0,1,0
104,74300,713157,57,40,CDD,6,2,4,0,1
105,132798,1778050,17,60,Sans emploi,3,1,2,0,1
106,59268,921106,12,18,CDD,9,9,0,1,0
107,398951,1315502,34,62,CDI,5,5,0,1,0
108,324329,1719135,16,41,Sans emploi,8,1,7,0,1
109,244776,960120,38,52,CDD,7,1,6,0,1
110,267851,531734,11,41,Indépendant,8,4,4,0,1
111,482315,1521796,52,34,CDI,7,4,3,0,1
112,451787,765627,20,22,Indépendant,3,0,3,0,1
113,286584,321897,37,37,CDI,2,2,0,1,0
114,88044,101062,56,38,Sans emploi,7,3,4,1,0
115,363358,1396312,16,57,Sans emploi,3,1,2,0,1
116,426896,1723312,28,48,CDI,3,2,1,0,1
117,98984,195462,31,63,CDI,2,1,1,0,1
118,352918,1548021,39,53,CDI,4,4,0,1,0
119,314712,1598585,51,28,Sans emploi,8,6,2,1,0
120,170151,870173,39,32,CDD,1,0,1,0,1
121,183767,672203,34,36,Indépendant,1,1,0,1,0
122,174375,1415352,9,24,Indépendant,5,5,0,1,0
123,229262,1777456,22,45,Sans emploi,5,1,4,0,1
124,186330,758956,40,60,Indépendant,1,0,1,0,1
125,351648,1520499,18,22,CDI,6,5,1,1,0
126,214231,1547960,46,22,CDD,1,1,0,1,0
127,63986,1780963,44,47,Indépendant,5,3,2,1,0
128,111858,631849,20,49,CDD,9,6,3,0,1
129,179312,567010,34,25,CDI,5,5,0,1,0
130,62666,1755016,34,27,Indépendant,6,1,5,0,1
131,350804,1797900,16,55,Sans emploi,8,1,7,0,1
132,184633,486193,57,64,CDD,1,0,1,0,1
133,338998,126734,37,49,CDI,2,1,1,1,0
134,376649,1023875,7,45,CDD,9,8,1,1,0
135,154488,126069,52,34,Indépendant,3,0,3,0,1
136,233323,1883841,19,48,Indépendant,6,1,5,0,1
137,334806,637198,25,25,Sans emploi,5,3,2,1,0
138,320536,1484199,27,57,CDI,2,1,1,1,0
139,80535,570951,16,42,CDI,7,7,0,1,0
140,425713,181264,32,26,Sans emploi,4,2,2,0,1
141,364400,123275,8,19,Sans emploi,1,0,1,0,1
142,401279,696562,22,32,CDI,4,2,2,0,1
143,439622,1623241,49,20,CDD,6,1,5,0,1
144,347366,462920,33,53,CDD,7,2,5,0,1
145,127373,291076,34,21,Sans emploi,7,2,5,0,1
146,173684,1342629,26,31,CDD,7,0,7,0,1
147,323109,1102163,52,58,CDI,3,3,0,1,0
148,74538,1858489,21,58,Indépendant,6,3,3,0,1
149,420210,672735,42,42,Indépendant,8,3,5,0,1
150,251664,1012826,25,27,CDD,4,0,4,0,1
151,425396,699991,11,38,Sans emploi,8,8,0,1,0
152,189182,962522,24,53,Sans emploi,2,2,0,1,0
153,208338,903692,10,29,Sans emploi,9,4,5,0,1
154,234064,1261157,8,44,Sans emploi,9,5,4,0,1
155,264020,1414532,6,57,Sans emploi,8,7,1,1,0
156,148806,521240,43,19,CDD,1,1,0,1,0
157,450126,1862592,20,30,Indépendant,2,2,0,1,0
158,423133,1002580,39,49,Indépendant,6,5,1,1,0
159,140982,1044789,40,48,CDD,5,0,5,0,1
160,171626,1109940,54,33,Sans emploi,9,3,6,0,1
161,169176,216421,30,49,CDD,5,5,0,1,0
162,443422,625893,29,49,Indépendant,2,2,0,1,0
163,268126,1612950,17,51,CDI,4,2,2,0,1
164,268969,172303,23,28,CDD,9,9,0,1,0
165,172409,258211,20,27,Sans emploi,1,0,1,0,1
166,73419,1094653,49,32,Indépendant,1,0,1,0,1
167,493852,287210,21,34,Indépendant,7,3,4,0,1
168,303618,1934813,32,57,Indépendant,3,3,0,1,0
169,295310,962557,13,35,Indépendant,2,2,0,1,0
170,100015,244990,51,26,Sans emploi,9,0,9,0,1
171,298550,1307094,30,42,CDI,3,1,2,0,1
172,172096,224040,22,57,Indépendant,2,0,2,0,1
173,157059,768406,34,31,CDD,8,8,0,1,0
174,235340,1671714,58,42,CDI,6,0,6,0,1
175,160687,518034,13,39,Indépendant,6,6,0,1,0
176,400083,856254,20,47,CDI,7,1,6,0,1
177,461357,1133255,32,37,CDD,7,2,5,0,1
178,261428,890756,51,38,Indépendant,6,4,2,0,1
179,155878,895543,55,61,CDD,4,4,0,1,0
180,252982,1055614,57,49,Sans emploi,9,3,6,0,1
181,499260,640677,12,63,Indépendant,6,6,0,1,0
182,248286,1795041,8,38,Indépendant,4,0,4,0,1
183,299002,1452147,34,52,Indépendant,3,3,0,1,0
184,300396,1097083,49,49,Indépendant,4,1,3,0,1
185,214899,1832682,58,47,Sans emploi,3,0,3,0,1
186,499036,1271459,29,56,Indépendant,2,2,0,1,0
187,374767,1891822,8,29,CDI,5,0,5,0,1
188,387594,862501,25,58,Indépendant,2,1,1,0,1
189,405570,487952,51,64,Sans emploi,6,5,1,1,0
190,429989,212221,20,35,Indépendant,3,1,2,0,1
191,465515,1130117,30,38,CDI,6,0,6,0,1
192,93585,899666,35,30,Sans emploi,9,9,0,1,0
193,421369,360669,19,38,Sans emploi,1,1,0,1,0
194,114044,859224,12,25,CDI,6,6,0,1,0
195,485773,939873,22,63,CDI,9,8,1,1,0
196,492296,625134,49,57,CDI,4,0,4,0,1
197,159556,1683818,25,63,CDI,2,1,1,0,1
198,52693,1489959,41,24,CDI,4,2,2,1,0
199,407403,344761,14,40,Sans emploi,1,1,0,1,0
200,293307,932946,43,61,Sans emploi,3,3,0,1,0
201,250235,974668,53,49,Indépendant,9,1,8,0,1
202,75939,237541,27,28,Indépendant,5,1,4,0,1
203,492141,1047609,59,39,CDD,6,2,4,0,1
204,486157,1977109,58,39,Indépendant,3,2,1,0,1
205,202906,164323,58,60,Indépendant,5,2,3,0,1
206,68047,716210,7,42,CDI,8,4,4,0,1
207,338249,1337715,29,39,CDI,6,4,2,1,0
208,125766,1329024,13,45,Indépendant,4,4,0,1,0
209,458923,1849523,16,46,CDD,2,2,0,1,0
210,465192,1054480,18,30,CDI,9,6,3,0,1
211,94262,335659,22,35,Indépendant,1,0,1,0,1
212,437261,489678,13,19,Indépendant,1,1,0,1,0
213,335920,954016,26,46,Sans emploi,4,1,3,0,1
214,211152,1253113,23,38,CDD,7,3,4,0,1
215,178376,964909,35,32,Sans emploi,1,0,1,0,1
216,187848,341983,23,44,CDD,9,9,0,1,0
217,142787,1715397,51,48,CDI,4,1,3,0,1
218,177948,888260,52,32,CDD,3,1,2,0,1
219,105016,1150493,36,40,Indépendant,1,0,1,0,1
220,452690,382762,43,41,Indépendant,4,2,2,0,1
221,71959,1705118,37,61,CDD,9,0,9,0,1
222,186602,886275,16,30,CDD,6,2,4,0,1
223,275928,1516012,50,39,CDD,6,1,5,0,1
224,431245,1658506,30,60,Sans emploi,1,0,1,0,1
225,315892,671650,38,54,CDD,2,0,2,0,1
226,278576,382272,43,50,CDI,6,2,4,0,1
227,63545,485925,46,20,Sans emploi,2,1,1,1,0
228,439803,866641,13,36,Sans emploi,3,3,0,1,0
229,215838,814743,16,40,CDD,4,0,4,0,1
230,385674,689833,27,46,CDI,5,3,2,0,1
231,405701,1230756,56,47,Sans emploi,9,9,0,1,0
232,111087,1760822,29,56,Indépendant,4,3,1,1,0
233,118840,503081,46,61,Sans emploi,9,3,6,0,1
234,168451,1019723,22,64,CDD,3,2,1,0,1
235,497600,401953,17,42,CDI,8,5,3,0,1
236,363149,478892,51,54,CDD,1,1,0,1,0
237,489792,105287,37,64,Indépendant,9,9,0,1,0
238,89353,1406241,20,25,Indépendant,9,7,2,1,0
239,243075,1157088,21,59,Indépendant,2,2,0,1,0
240,264283,756702,59,33,CDD,4,3,1,1,0
241,364877,1604868,27,25,Sans emploi,8,0,8,0,1
242,115318,1257448,33,18,CDD,7,6,1,1,0
243,291025,1920618,25,61,CDI,1,0,1,0,1
244,466880,193070,38,22,Sans emploi,5,0,5,0,1
245,117172,1752631,15,20,Indépendant,7,7,0,1,0
246,266688,722117,45,18,CDD,4,3,1,1,0
247,306951,1044118,37,21,Indépendant,1,0,1,0,1
248,143264,1578050,55,57,Indépendant,9,7,2,1,0
249,296458,1111293,38,52,CDI,5,4,1,1,0
250,338880,1190654,7,49,Sans emploi,2,1,1,1,0
251,275281,1517008,38,59,CDI,8,3,5,0,1
252,162859,707812,38,51,CDI,2,1,1,0,1
253,424325,327645,46,60,CDI,3,0,3,0,1
254,444070,1685083,18,42,Indépendant,1,0,1,0,1
255,402228,886667,35,27,CDI,2,0,2,0,1
256,481839,1453649,38,38,CDI,7,5,2,1,0
257,319536,1275885,18,63,Sans emploi,2,2,0,1,0
258,367824,1478164,57,56,Sans emploi,6,5,1,1,0
259,307426,1812503,31,44,CDI,3,1,2,0,1
260,227789,988266,27,44,Sans emploi,4,4,0,1,0
261,268164,1612584,44,19,Sans emploi,8,3,5,0,1
262,363003,1869377,7,58,CDI,3,3,0,1,0
263,175657,446699,43,30,Indépendant,6,4,2,0,1
264,285167,1484418,44,26,CDI,1,0,1,0,1
265,207381,486594,31,53,Sans emploi,7,4,3,1,0
266,244806,872608,51,39,Indépendant,8,2,6,0,1
267,120467,1809351,55,59,CDD,8,3,5,0,1
268,233734,1840095,20,43,Indépendant,3,2,1,0,1
269,148506,1192501,39,29,Sans emploi,1,1,0,1,0
270,159751,1144027,47,34,Indépendant,9,3,6,0,1
271,431050,237023,49,31,CDI,6,2,4,0,1
272,455904,1235964,54,31,CDD,9,9,0,1,0
273,337486,632295,45,51,CDD,7,4,3,1,0
274,218229,1406378,16,37,CDD,1,1,0,1,0
275,418452,1583624,8,28,Sans emploi,1,0,1,0,1
276,495299,158596,11,33,Sans emploi,6,2,4,0,1
277,156081,1048027,14,48,CDD,5,3,2,0,1
278,139045,451005,11,23,Indépendant,9,3,6,0,1
279,84698,1928130,14,36,CDD,2,0,2,0,1
280,160078,973172,44,54,Indépendant,8,5,3,1,0
281,392767,1688388,36,21,Indépendant,5,3,2,0,1
282,72671,622244,37,64,Sans emploi,2,1,1,1,0
283,468400,1561074,46,21,Indépendant,6,5,1,1,0
284,405528,779290,55,37,CDD,8,1,7,0,1
285,485323,599097,17,27,Sans emploi,4,4,0,1,0
286,136202,749789,13,41,CDI,2,1,1,1,0
287,101663,1955619,13,52,CDI,5,3,2,0,1
288,65708,1296632,55,43,Sans emploi,2,1,1,0,1
289,404050,1162636,33,54,CDD,2,0,2,0,1
290,361955,1886921,25,55,CDI,6,2,4,0,1
291,183883,1625848,52,38,CDI,9,6,3,0,1
292,368394,1667121,12,57,Indépendant,4,1,3,0,1
293,162547,929735,16,56,Indépendant,6,4,2,0,1
294,436393,1338855,25,38,CDD,7,2,5,0,1
295,84754,830406,21,27,Sans emploi,6,5,1,1,0
296,276814,1833223,9,55,CDD,8,5,3,0,1
297,287714,1188287,11,63,Sans emploi,4,4,0,1,0
298,192483,1291602,27,21,CDI,1,1,0,1,0
299,183983,435484,31,62,Indépendant,7,5,2,1,0
300,264835,565317,8,37,CDD,3,3,0,1,0
301,451896,1089024,46,34,CDD,6,3,3,0,1
302,134896,318134,47,24,Sans emploi,2,2,0,1,0
303,121295,1251550,19,21,Sans emploi,9,3,6,0,1
304,269686,1298222,16,46,CDD,1,0,1,0,1
305,412833,1550976,23,31,Sans emploi,6,6,0,1,0
306,323255,1298744,59,20,CDD,6,2,4,0,1
307,349648,1740592,17,41,CDD,5,2,3,0,1
308,182874,789376,28,54,CDD,5,5,0,1,0
309,58155,1684110,17,33,CDI,1,1,0,1,0
310,351528,538774,18,21,Sans emploi,5,3,2,0,1
311,424705,611937,30,41,Indépendant,2,2,0,1,0
312,97254,511597,50,51,Indépendant,7,6,1,1,0
313,334062,1014228,56,47,Sans emploi,3,0,3,0,1
314,135981,1053959,24,35,CDD,4,3,1,1,0
315,80306,192263,51,36,Indépendant,3,0,3,0,1
316,197718,1021522,41,48,Indépendant,3,3,0,1,0
317,358987,1684166,50,36,Sans emploi,4,3,1,1,0
318,170975,953938,13,63,Indépendant,5,1,4,0,1
319,408745,1714021,34,36,CDD,1,1,0,1,0
320,157512,1727781,58,39,Sans emploi,4,4,0,1,0
321,197443,1372386,37,41,CDD,8,3,5,0,1
322,423616,1245222,56,62,Indépendant,7,6,1,1,0
323,183121,445266,49,29,Indépendant,9,4,5,0,1
324,212688,1959527,23,47,CDD,5,5,0,1,0
325,415871,1638601,11,55,CDI,4,1,3,0,1
326,425037,580703,23,48,Indépendant,8,3,5,0,1
327,333076,1074323,24,53,CDI,9,1,8,0,1
328,167796,443054,27,36,Indépendant,7,4,3,0,1
329,341999,1006862,42,62,CDI,7,1,6,0,1
330,242506,1416128,37,53,CDI,5,0,5,0,1
331,224088,1207955,46,47,CDI,4,1,3,0,1
332,319544,1173629,8,50,CDD,1,0,1,0,1
333,430002,1551238,33,35,CDI,7,6,1,1,0
334,223714,1804858,15,45,CDI,1,1,0,1,0
335,65151,198723,56,64,CDI,1,0,1,0,1
336,494623,675644,40,28,Indépendant,5,1,4,0,1
337,116690,1421509,34,62,CDI,9,2,7,0,1
338,54499,953088,59,50,Indépendant,6,0,6,0,1
339,56295,1979036,20,34,CDI,3,0,3,0,1
340,433029,1999492,38,23,CDI,3,0,3,0,1
341,438215,1180730,12,21,CDD,7,6,1,1,0
342,371184,1362518,17,37,Indépendant,6,2,4,0,1
343,324327,364480,54,64,CDI,9,4,5,1,0
344,472515,1514397,35,44,Indépendant,6,1,5,0,1
345,193946,381173,26,32,Indépendant,5,2,3,0,1
346,428480,945633,36,23,Sans emploi,7,3,4,0,1
347,82711,1180841,29,64,CDD,1,1,0,1,0
348,317683,1513636,25,31,CDD,7,1,6,0,1
349,234423,1391898,42,28,CDD,3,1,2,0,1
350,229426,1134057,9,56,Sans emploi,9,7,2,1,0
351,438207,1323520,33,26,Sans emploi,6,0,6,0,1
352,183629,1719061,49,43,CDD,9,6,3,0,1
353,350504,1596972,25,33,Sans emploi,5,4,1,1,0
354,263090,1303358,29,22,Sans emploi,7,6,1,1,0
355,183272,1833422,55,27,Sans emploi,4,2,2,0,1
356,293548,1220483,54,20,CDD,7,7,0,1,0
357,228047,302967,56,30,CDD,1,0,1,0,1
358,333501,1999443,37,60,CDD,7,2,5,0,1
359,169121,1451351,46,47,Sans emploi,8,6,2,1,0
360,127505,1539758,41,62,CDD,5,4,1,1,0
361,52869,1905468,58,23,Sans emploi,2,2,0,1,0
362,307186,1430823,39,34,CDI,5,1,4,0,1
363,362252,164772,41,62,Sans emploi,6,6,0,1,0
364,162296,226108,7,36,Indépendant,2,1,1,0,1
365,144179,1162958,20,59,CDD,6,3,3,0,1
366,140272,1232867,39,52,CDD,6,6,0,1,0
367,88467,463339,41,63,Indépendant,1,0,1,0,1
368,335472,1807692,11,43,Sans emploi,1,0,1,0,1
369,403556,1431329,44,22,CDI,3,2,1,0,1
370,185059,247550,47,46,Indépendant,3,3,0,1,0
371,108871,1380626,56,54,Indépendant,4,0,4,0,1
372,465615,532882,56,37,Sans emploi,2,2,0,1,0
373,178391,437827,59,38,CDD,9,4,5,0,1
374,489430,1147843,17,27,Sans emploi,7,1,6,0,1
375,136416,1640889,8,22,Indépendant,7,6,1,1,0
376,382415,1535434,50,53,Indépendant,6,1,5,0,1
377,356208,1803194,23,23,CDD,3,1,2,0,1
378,306687,695603,45,43,CDD,6,3,3,1,0
379,251163,488349,26,21,CDD,8,2,6,0,1
380,157450,1162729,20,56,Sans emploi,8,7,1,1,0
381,221890,1126919,38,56,CDD,9,1,8,0,1
382,488741,1749189,40,52,Indépendant,1,0,1,0,1
383,331974,1389349,31,18,Indépendant,1,0,1,0,1
384,460645,1203894,13,41,CDI,3,0,3,0,1
385,450109,494030,41,53,Sans emploi,3,2,1,0,1
386,166381,1525753,53,23,CDI,8,2,6,0,1
387,97333,176077,35,58,Indépendant,1,1,0,1,0
388,184508,976906,28,63,CDI,2,2,0,1,0
389,255362,233515,47,61,Indépendant,2,0,2,0,1
390,388357,1093497,49,48,CDI,3,1,2,0,1
391,449111,1355564,19,37,CDD,6,1,5,0,1
392,200810,225885,19,41,CDI,1,0,1,0,1
393,342890,996209,7,42,CDD,2,1,1,1,0
394,99377,641656,42,53,CDD,1,1,0,1,0
395,491620,770688,10,38,Sans emploi,5,5,0,1,0
396,366189,288014,43,47,CDD,7,5,2,1,0
397,410032,191751,50,41,CDD,8,3,5,0,1
398,483006,330203,46,61,CDI,1,1,0,1,0
399,419599,913738,59,59,Indépendant,7,3,4,1,0
400,186672,795275,52,47,Sans emploi,5,0,5,0,1
401,275732,923651,19,39,CDD,1,1,0,1,0
402,405323,1360527,44,45,Sans emploi,3,0,3,0,1
403,221836,1653731,30,24,CDI,7,1,6,0,1
404,255615,295716,25,52,CDD,1,1,0,1,0
405,95714,684567,7,45,CDI,7,1,6,0,1
406,152946,415172,44,31,Sans emploi,5,0,5,0,1
407,421760,990695,11,27,CDI,1,0,1,0,1
408,155983,100126,22,33,Sans emploi,1,1,0,1,0
409,237563,938761,30,33,CDI,1,0,1,0,1
410,174123,1176208,33,48,Sans emploi,9,5,4,1,0
411,461805,600315,7,59,Indépendant,3,1,2,0,1
412,355628,1869246,40,42,CDI,5,4,1,1,0
413,132989,1258521,42,30,CDI,9,5,4,1,0
414,348356,417320,10,23,Indépendant,6,4,2,0,1
415,355669,1399445,6,61,Indépendant,9,5,4,0,1
416,228274,841426,45,26,CDI,8,8,0,1,0
417,213707,598716,17,62,Indépendant,8,3,5,0,1
418,375352,1143917,41,53,CDD,1,1,0,1,0
419,345972,1323975,50,60,Sans emploi,9,8,1,1,0
420,461927,562120,28,37,Sans emploi,6,1,5,0,1
421,315564,1283445,52,35,Sans emploi,9,9,0,1,0
422,408896,278954,36,60,CDD,3,0,3,0,1
423,181373,769078,16,38,Indépendant,3,1,2,0,1
424,488452,1183136,15,21,Indépendant,6,3,3,1,0
425,165294,384260,8,50,CDI,9,7,2,1,0
426,497456,232717,59,44,Indépendant,7,0,7,0,1
427,174019,1327171,19,24,CDI,3,3,0,1,0
428,115726,748373,21,23,CDD,3,1,2,0,1
429,191564,479862,15,32,Sans emploi,2,0,2,0,1
430,427812,1954264,34,35,Sans emploi,9,9,0,1,0
431,318246,594592,15,49,Sans emploi,3,3,0,1,0
432,231408,1248734,17,28,Indépendant,5,0,5,0,1
433,168015,1857109,35,37,CDI,9,1,8,0,1
434,266386,1317078,46,41,CDI,8,3,5,0,1
435,304079,1581074,6,32,CDD,2,2,0,1,0
436,76641,430388,10,24,Indépendant,3,3,0,1,0
437,215656,1815630,25,38,CDD,2,1,1,0,1
438,213817,418408,13,59,CDI,8,0,8,0,1
439,466309,568276,48,43,CDI,6,2,4,0,1
440,415890,1114920,17,61,Sans emploi,6,3,3,0,1
441,495101,157545,6,31,Indépendant,9,3,6,0,1
442,86631,611411,59,54,CDI,8,7,1,1,0
443,292289,925656,25,38,Sans emploi,4,2,2,1,0
444,122991,1120020,33,35,Indépendant,4,1,3,0,1
445,54014,984377,48,22,CDD,9,8,1,1,0
446,323237,113224,42,20,Indépendant,1,1,0,1,0
447,68070,140738,52,40,Indépendant,2,1,1,1,0
448,347921,1042654,42,43,CDI,2,0,2,0,1
449,106958,1998739,17,54,CDI,6,6,0,1,0
450,132074,1329336,42,41,Indépendant,4,3,1,1,0
451,60729,1117433,54,36,CDI,3,0,3,0,1
452,280785,1912554,54,42,CDI,3,3,0,1,0
453,226089,566725,49,38,CDI,3,3,0,1,0
454,247392,763937,33,29,Sans emploi,6,4,2,1,0
455,208823,1680934,52,58,Sans emploi,8,6,2,1,0
456,155864,1274737,20,50,Indépendant,7,7,0,1,0
457,443002,1681530,11,21,CDI,4,4,0,1,0
458,259141,944193,49,59,Sans emploi,4,1,3,0,1
459,417654,398512,25,24,Indépendant,2,1,1,1,0
460,104748,762143,55,39,CDI,1,1,0,1,0
461,55801,666202,19,50,CDD,9,4,5,1,0
462,200262,1350155,7,34,CDI,2,1,1,0,1
463,492905,752026,14,41,CDI,8,7,1,1,0
464,285362,1096530,42,51,Sans emploi,9,1,8,0,1
465,494209,871253,25,45,Indépendant,4,1,3,0,1
466,79592,604471,31,60,Indépendant,8,5,3,1,0
467,322791,1478246,34,58,Sans emploi,9,7,2,1,0
468,189788,906388,6,56,CDI,5,5,0,1,0
469,269963,1367543,40,39,CDD,7,3,4,0,1
470,298710,1981248,11,34,CDI,4,4,0,1,0
471,270984,483152,42,51,CDI,1,1,0,1,0
472,422771,1054652,58,23,CDD,3,1,2,0,1
473,382460,194270,10,63,Sans emploi,5,5,0,1,0
474,308067,1145482,38,23,Indépendant,3,2,1,0,1
475,314512,1939765,54,51,Sans emploi,7,7,0,1,0
476,127575,1691961,56,18,Sans emploi,9,3,6,0,1
477,318799,1814331,19,27,CDI,6,0,6,0,1
478,287549,1295889,17,38,Indépendant,1,1,0,1,0
479,120031,258768,47,22,Indépendant,7,0,7,0,1
480,137922,1395302,25,19,Sans emploi,3,0,3,0,1
481,498982,670451,58,39,CDD,5,3,2,1,0
482,174046,119816,55,19,Sans emploi,4,3,1,1,0
483,456619,1067344,29,27,CDD,5,1,4,0,1
484,82097,857907,48,51,Indépendant,5,5,0,1,0
485,192038,414997,39,33,Sans emploi,6,2,4,0,1
486,174862,1304565,30,56,CDI,6,6,0,1,0
487,280229,1769595,55,39,Sans emploi,8,4,4,0,1
488,168834,1825502,34,29,Indépendant,8,3,5,0,1
489,143848,1355100,44,41,CDI,9,4,5,0,1
490,102921,1735687,36,64,CDI,8,7,1,1,0
491,230798,1138896,52,57,CDD,2,2,0,1,0
492,176141,1300454,48,55,CDI,1,1,0,1,0
493,231372,830880,55,27,CDI,2,2,0,1,0
494,334821,1674623,28,52,Sans emploi,2,2,0,1,0
495,105609,881452,49,49,Indépendant,3,1,2,0,1
496,277897,1583741,43,24,CDD,7,5,2,1,0
497,499877,233554,25,38,Sans emploi,2,0,2,0,1
498,81024,1959450,28,37,CDI,1,0,1,0,1
499,120313,551282,50,43,CDI,6,6,0,1,0
500,439957,1242077,57,21,CDD,9,6,3,0,1
501,234078,364223,21,63,Indépendant,3,1,2,0,1
502,407429,1208252,55,39,CDD,6,6,0,1,0
503,458554,1890380,47,32,Sans emploi,3,3,0,1,0
504,163632,1322108,13,57,CDD,1,0,1,0,1
505,462724,1763261,55,38,CDI,5,0,5,0,1
506,301451,697135,26,32,Sans emploi,4,3,1,1,0
507,53051,1766471,6,39,CDI,7,1,6,0,1
508,229819,320178,13,45,Indépendant,6,4,2,1,0
509,426836,1298097,34,31,CDI,7,4,3,0,1
510,137235,526752,37,44,CDI,5,2,3,0,1
511,497237,688365,43,58,CDD,4,3,1,1,0
512,247484,924690,10,57,CDI,7,6,1,1,0
513,239407,803662,52,45,Sans emploi,7,7,0,1,0
514,499395,1405585,27,43,Sans emploi,6,2,4,0,1
515,475309,1286293,52,19,Indépendant,8,0,8,0,1
516,261810,1530491,39,42,Sans emploi,4,4,0,1,0
517,482950,662288,6,20,CDD,5,2,3,0,1
518,253687,1699601,31,25,Indépendant,4,0,4,0,1
519,123523,1946493,48,61,Sans emploi,1,1,0,1,0
520,286175,400709,15,50,CDD,8,2,6,0,1
521,144476,1043026,35,59,Sans emploi,1,1,0,1,0
522,283841,1334816,55,52,Sans emploi,5,5,0,1,0
523,329163,1725351,23,23,CDI,6,5,1,1,0
524,395757,1423062,22,56,Sans emploi,6,6,0,1,0
525,272866,1451526,31,40,Sans emploi,5,4,1,1,0
526,136672,1459490,13,42,CDD,3,2,1,1,0
527,123847,1227199,52,60,CDD,5,3,2,0,1
528,394894,1513897,45,36,CDI,8,2,6,0,1
529,260706,1117289,54,22,Sans emploi,2,0,2,0,1
530,78251,1007425,17,28,CDI,6,0,6,0,1
531,153481,283675,32,29,Sans emploi,9,5,4,1,0
532,424710,1885910,13,27,Indépendant,8,8,0,1,0
533,75945,1778811,30,25,Indépendant,8,5,3,1,0
534,402996,1961407,51,41,CDI,8,1,7,0,1
535,82217,752465,9,45,CDI,7,4,3,0,1
536,58308,1365030,38,58,CDI,8,4,4,0,1
537,318093,1098748,6,53,CDD,6,3,3,0,1
538,233062,1258151,24,54,CDD,2,2,0,1,0
539,444366,1133024,36,38,CDD,2,0,2,0,1
540,270552,1356182,21,25,CDI,8,7,1,1,0
541,150235,605815,19,26,Sans emploi,1,0,1,0,1
542,124740,1441398,58,64,Indépendant,6,0,6,0,1
543,428496,176218,53,32,CDI,6,3,3,1,0
544,378761,687518,10,63,CDD,4,3,1,1,0
545,275913,870044,46,57,CDD,3,2,1,1,0
546,329040,1484775,31,35,CDI,3,3,0,1,0
547,442942,549589,33,59,CDI,1,0,1,0,1
548,227247,1835416,7,37,CDD,3,2,1,1,0
549,188877,578446,55,23,Sans emploi,4,2,2,0,1
550,55237,562052,11,29,CDD,5,4,1,1,0
551,70056,1482978,14,19,CDD,3,1,2,0,1
552,226615,1188562,38,24,CDI,6,1,5,0,1
553,237628,1828096,46,33,Sans emploi,5,2,3,0,1
554,164548,447739,30,20,CDD,3,3,0,1,0
555,423632,1774222,53,62,CDD,6,5,1,1,0
556,184415,572327,18,20,Indépendant,6,2,4,0,1
557,456716,1475649,14,44,CDI,8,0,8,0,1
558,496438,697794,58,60,Indépendant,2,2,0,1,0
559,79375,134911,18,57,Indépendant,1,1,0,1,0
560,190734,525037,36,55,CDD,4,4,0,1,0
561,66964,830399,46,50,CDI,7,6,1,1,0
562,163429,1078039,16,45,Sans emploi,3,0,3,0,1
563,302764,999885,9,18,CDD,3,0,3,0,1
564,240710,708746,39,25,Sans emploi,5,1,4,0,1
565,266139,1160751,43,54,Sans emploi,5,4,1,1,0
566,117215,1005667,51,49,CDI,3,3,0,1,0
567,381186,416915,9,60,Indépendant,9,5,4,1,0
568,194356,599876,43,54,CDI,4,4,0,1,0
569,253861,1794164,24,21,Sans emploi,3,3,0,1,0
570,405612,711213,11,47,CDD,2,2,0,1,0
571,59435,868734,39,23,Sans emploi,9,0,9,0,1
572,497556,1214934,23,63,CDD,4,2,2,1,0
573,225150,1559119,18,36,CDD,3,3,0,1,0
574,390976,147057,46,49,CDI,7,2,5,0,1
575,101293,1416870,28,26,Sans emploi,8,4,4,1,0
576,128781,1939433,24,29,Indépendant,2,2,0,1,0
577,241475,354726,50,28,Sans emploi,7,3,4,1,0
578,210196,378176,16,63,Sans emploi,5,3,2,0,1
579,276507,1675062,6,33,Indépendant,5,3,2,0,1
580,356063,808754,29,18,CDI,3,0,3,0,1
581,289833,1037583,59,62,Sans emploi,5,3,2,1,0
582,302377,1315868,12,38,Sans emploi,2,0,2,0,1
583,216319,244931,30,47,CDD,4,3,1,1,0
584,171172,1592252,26,30,Sans emploi,6,2,4,0,1
585,406902,262491,20,51,Indépendant,1,1,0,1,0
586,368717,1529585,6,21,CDD,4,2,2,1,0
587,109101,501921,17,45,CDI,6,5,1,1,0
588,338790,360910,12,55,CDD,9,8,1,1,0
589,416329,1171812,20,48,Indépendant,2,1,1,0,1
590,73049,187955,26,44,Indépendant,7,3,4,0,1
591,260677,1889450,24,22,CDD,6,3,3,0,1
592,410260,727433,34,42,CDI,2,2,0,1,0
593,409523,1819294,30,20,CDD,8,4,4,0,1
594,118385,1379361,38,50,CDI,7,4,3,0,1
595,176131,1243490,54,21,CDD,5,5,0,1,0
596,483374,307990,37,42,Indépendant,5,2,3,0,1
597,246489,478387,54,37,Sans emploi,7,2,5,0,1
598,73289,638884,40,51,Sans emploi,9,7,2,1,0
599,422370,1096261,49,43,CDI,9,3,6,0,1
600,412937,1805215,43,22,CDI,9,7,2,1,0
601,321967,1342845,31,52,CDI,6,1,5,0,1
602,241232,492417,16,45,Indépendant,6,1,5,0,1
603,354119,1080020,40,46,CDD,3,3,0,1,0
604,59540,238155,13,26,Indépendant,1,0,1,0,1
605,66364,1269250,51,55,Sans emploi,7,1,6,0,1
606,447827,1006739,19,23,CDI,4,2,2,1,0
607,77663,1930393,15,36,CDD,1,0,1,0,1
608,101991,1913333,7,61,Sans emploi,8,8,0,1,0
609,238751,1405289,51,28,Sans emploi,6,3,3,1,0
610,416326,1590077,14,19,Sans emploi,6,2,4,0,1
611,212049,643351,8,64,Indépendant,2,2,0,1,0
612,144704,167642,26,61,CDI,1,0,1,0,1
613,99115,190093,31,61,Sans emploi,2,2,0,1,0
614,403151,1656182,13,26,CDI,4,2,2,0,1
615,269295,317215,53,38,Indépendant,2,1,1,0,1
616,241962,1855856,7,41,Sans emploi,1,1,0,1,0
617,247459,1832465,11,51,Indépendant,7,2,5,0,1
618,199143,135954,33,39,Indépendant,8,5,3,0,1
619,240347,1176432,58,20,CDI,6,1,5,0,1
620,61938,626861,34,29,Sans emploi,4,2,2,0,1
621,478411,659655,31,45,Indépendant,6,2,4,0,1
622,403824,595553,30,47,Sans emploi,3,3,0,1,0
623,54000,862092,17,43,CDI,8,5,3,1,0
624,251660,986040,10,38,Indépendant,2,1,1,1,0
625,413186,422918,39,45,CDI,5,3,2,0,1
626,405754,1172328,53,43,Sans emploi,1,1,0,1,0
627,301492,941461,42,50,Sans emploi,6,0,6,0,1
628,415835,248757,20,38,CDI,2,1,1,1,0
629,88304,1462413,49,52,CDD,4,3,1,1,0
630,381593,216739,41,51,Indépendant,6,0,6,0,1
631,132986,1990969,20,58,Sans emploi,8,2,6,0,1
632,201836,1386585,48,64,Sans emploi,8,7,1,1,0
633,158940,880316,53,35,Indépendant,6,2,4,0,1
634,350638,1356556,28,28,CDI,4,3,1,1,0
635,315517,1405185,11,40,CDI,8,5,3,1,0
636,193233,1537398,51,39,CDI,8,7,1,1,0
637,147532,436676,55,34,CDD,1,0,1,0,1
638,404802,1492714,49,22,CDD,4,2,2,1,0
639,435777,1466853,48,61,Sans emploi,4,4,0,1,0
640,150386,1114929,50,28,CDI,7,3,4,0,1
641,77350,1666847,26,47,Indépendant,7,0,7,0,1
642,143008,423412,28,32,Sans emploi,8,5,3,1,0
643,406441,585417,48,44,Indépendant,5,5,0,1,0
644,75351,1580035,21,52,Sans emploi,7,3,4,0,1
645,138668,288456,52,50,CDD,8,2,6,0,1
646,164585,655941,58,37,Sans emploi,9,4,5,0,1
647,458521,1306305,20,33,CDD,3,0,3,0,1
648,387497,328504,30,51,Sans emploi,3,1,2,0,1
649,257869,1794693,41,19,CDI,4,4,0,1,0
650,115953,752665,16,52,Indépendant,5,0,5,0,1
651,369602,1674486,56,57,CDI,1,0,1,0,1
652,332502,673044,20,45,Sans emploi,7,0,7,0,1
653,53267,1189385,9,64,Sans emploi,9,5,4,0,1
654,132745,1689589,26,56,Sans emploi,8,5,3,0,1
655,401732,816756,18,23,CDD,5,0,5,0,1
656,350657,151226,27,26,Indépendant,4,3,1,1,0
657,207164,599512,24,37,Indépendant,7,5,2,1,0
658,61338,1754046,39,18,Sans emploi,5,3,2,0,1
659,181484,1624357,19,25,Sans emploi,7,2,5,0,1
660,57543,1177978,9,40,CDD,1,1,0,1,0
661,418035,1152839,53,20,CDI,1,0,1,0,1
662,476712,1140993,58,21,CDI,3,2,1,0,1
663,110692,1900459,57,42,Indépendant,2,1,1,0,1
664,270156,1326476,51,64,CDD,2,1,1,1,0
665,273992,672212,32,55,Sans emploi,7,2,5,0,1
666,356569,436326,34,32,Indépendant,2,1,1,1,0
667,88756,324137,52,38,CDD,4,0,4,0,1
668,68888,1600844,33,52,CDI,2,2,0,1,0
669,216807,1029168,40,63,CDD,6,4,2,0,1
670,359439,1446457,13,31,CDI,8,6,2,1,0
671,164352,463476,21,53,CDD,4,1,3,0,1
672,395186,1500283,47,29,Indépendant,5,3,2,1,0
673,135999,1833309,41,34,CDI,4,2,2,1,0
674,67955,1659161,35,56,Indépendant,3,2,1,1,0
675,349985,791757,23,26,Indépendant,5,0,5,0,1
676,120640,490719,7,52,CDI,9,9,0,1,0
677,246582,1627937,54,30,CDI,8,8,0,1,0
678,478127,1249947,18,32,Sans emploi,8,5,3,0,1
679,269798,662997,9,35,Sans emploi,8,2,6,0,1
680,450573,1133578,31,50,Sans emploi,8,0,8,0,1
681,475695,1340768,30,23,Indépendant,7,3,4,1,0
682,111476,1298898,35,44,Indépendant,8,2,6,0,1
683,356955,121172,16,40,Sans emploi,8,0,8,0,1
684,217280,635843,12,44,Indépendant,8,2,6,0,1
685,201222,1096121,36,51,Indépendant,7,7,0,1,0
686,121180,1726140,49,63,CDI,1,1,0,1,0
687,224358,681780,15,55,CDI,4,3,1,1,0
688,162856,808362,44,31,Indépendant,4,4,0,1,0
689,380594,613319,18,53,Sans emploi,5,4,1,1,0
690,464568,880298,36,25,CDD,6,6,0,1,0
691,236141,976031,12,52,Sans emploi,4,0,4,0,1
692,424032,1370896,54,36,CDD,2,2,0,1,0
693,160448,1566554,47,47,Sans emploi,6,5,1,1,0
694,64397,1159622,47,31,CDI,8,4,4,1,0
695,484771,328071,41,37,Indépendant,8,5,3,1,0
696,228031,478165,25,42,Indépendant,7,3,4,0,1
697,443944,808662,9,57,CDI,6,1,5,0,1
698,493733,516366,59,41,CDD,2,1,1,0,1
699,169180,1415573,12,31,CDD,7,7,0,1,0
700,116234,1112117,59,43,CDD,5,0,5,0,1
701,89954,745188,6,55,CDI,6,1,5,0,1
702,228352,1631191,49,40,CDD,8,6,2,1,0
703,129459,515008,50,39,CDI,8,5,3,1,0
704,459995,1731993,47,36,Sans emploi,3,0,3,0,1
705,245004,1909955,52,63,Sans emploi,7,1,6,0,1
706,467682,1354126,18,20,CDI,1,0,1,0,1
707,480155,344883,27,59,Indépendant,1,0,1,0,1
708,250968,1786994,59,36,Sans emploi,7,1,6,0,1
709,478486,1609090,26,26,CDD,9,9,0,1,0
710,109163,1049491,27,45,CDI,7,0,7,0,1
711,101934,771210,33,37,CDD,5,4,1,1,0
712,245967,1029616,14,62,CDD,8,1,7,0,1
713,475523,1270365,31,24,Indépendant,2,1,1,0,1
714,366242,779418,14,31,CDD,9,3,6,0,1
715,55486,800780,20,26,Indépendant,6,0,6,0,1
716,189407,1711754,15,36,Sans emploi,9,0,9,0,1
717,399044,1214593,29,64,CDI,2,0,2,0,1
718,176020,1326952,47,31,CDD,3,3,0,1,0
719,152795,1836857,13,55,CDI,8,1,7,0,1
720,270184,599137,29,53,CDD,1,1,0,1,0
721,192202,756884,21,57,CDI,7,0,7,0,1
722,399652,724712,54,34,CDD,7,3,4,0,1
723,287027,1950056,31,47,CDD,1,0,1,0,1
724,168324,793264,32,26,CDD,9,5,4,0,1
725,372710,941344,42,50,CDD,8,3,5,0,1
726,247775,1706872,9,42,CDD,4,0,4,0,1
727,339336,1541852,55,31,CDD,5,5,0,1,0
728,313206,1878602,29,28,CDD,2,1,1,1,0
729,134076,707847,24,52,CDD,9,8,1,1,0
730,139780,1203913,41,58,CDD,6,4,2,1,0
731,202617,997048,44,31,CDI,3,2,1,0,1
732,71689,1424070,15,47,Indépendant,7,7,0,1,0
733,323318,1172930,30,58,CDD,9,7,2,1,0
734,400605,1193762,23,21,Indépendant,3,2,1,1,0
735,438318,652433,24,21,CDD,2,1,1,0,1
736,415177,527236,41,45,CDD,7,3,4,1,0
737,59348,1758987,15,25,CDI,7,2,5,0,1
738,466930,1648459,38,19,Sans emploi,4,2,2,1,0
739,88102,1879122,55,58,Sans emploi,9,8,1,1,0
740,124460,840829,10,63,CDI,8,1,7,0,1
741,414778,1693445,52,39,Indépendant,1,1,0,1,0
742,139930,1761793,54,58,Sans emploi,1,1,0,1,0
743,56801,385195,40,33,CDI,5,4,1,1,0
744,153150,675762,49,46,CDI,6,2,4,0,1
745,253339,716036,39,47,Sans emploi,3,2,1,1,0
746,229208,1274571,38,29,Indépendant,9,3,6,0,1
747,204697,1394266,26,52,CDI,6,4,2,1,0
748,263945,1480346,22,28,CDD,4,0,4,0,1
749,281915,893392,27,63,Indépendant,7,6,1,1,0
750,253664,528988,53,38,Indépendant,8,6,2,1,0
751,258124,280553,42,38,Sans emploi,9,8,1,1,0
752,487477,660696,20,22,Sans emploi,6,3,3,0,1
753,51542,980438,40,37,CDD,6,5,1,1,0
754,333821,1408144,33,54,CDI,8,5,3,1,0
755,227804,419278,12,20,Sans emploi,5,2,3,0,1
756,231415,1300139,37,61,Sans emploi,3,1,2,0,1
757,89081,1805277,16,50,Indépendant,3,3,0,1,0
758,243928,799983,15,26,Sans emploi,6,3,3,0,1
759,405249,1763191,14,26,Sans emploi,2,1,1,1,0
760,269930,493554,19,21,Sans emploi,6,3,3,1,0
761,331209,1351079,18,52,Sans emploi,6,1,5,0,1
762,264532,1291902,30,34,Indépendant,8,4,4,1,0
763,138092,1855796,7,51,CDD,7,6,1,1,0
764,366837,1159920,40,41,CDD,8,6,2,1,0
765,339106,494966,12,49,CDI,9,0,9,0,1
766,78295,1740821,26,18,Sans emploi,6,6,0,1,0
767,63807,205423,23,25,Indépendant,3,1,2,0,1
768,485564,420197,8,62,CDI,3,1,2,0,1
769,207504,564071,47,40,CDI,1,0,1,0,1
770,288067,771256,59,64,CDD,5,1,4,0,1
771,483478,286833,44,57,Indépendant,4,4,0,1,0
772,218152,817912,46,29,Indépendant,9,5,4,0,1
773,444540,875435,54,29,Indépendant,9,5,4,1,0
774,403411,177454,16,63,CDD,5,3,2,0,1
775,216981,1406170,44,64,CDD,4,2,2,0,1
776,270411,1660473,29,32,CDD,7,4,3,1,0
777,69870,1501320,51,58,CDD,6,1,5,0,1
778,477794,1009164,24,36,CDD,4,4,0,1,0
779,253196,1664718,9,43,Sans emploi,2,1,1,0,1
780,298683,1045439,31,46,Sans emploi,1,0,1,0,1
781,284677,137641,43,39,Indépendant,4,1,3,0,1
782,76790,1702575,47,57,CDI,4,0,4,0,1
783,168874,1517616,37,38,Indépendant,1,1,0,1,0
784,337433,1816118,44,55,CDI,6,4,2,1,0
785,498345,712121,50,37,CDD,4,3,1,1,0
786,274786,418420,51,46,CDI,1,1,0,1,0
787,65485,381685,41,21,Indépendant,1,1,0,1,0
788,356626,1624102,45,24,Indépendant,1,0,1,0,1
789,136188,1193389,42,45,CDI,8,6,2,1,0
790,54748,1841134,38,45,Sans emploi,8,8,0,1,0
791,267841,764180,41,21,CDD,2,1,1,0,1
792,190507,386214,8,39,CDD,7,4,3,0,1
793,315853,1028626,14,29,Indépendant,8,6,2,1,0
794,173961,442703,13,62,Sans emploi,8,0,8,0,1
795,80355,304615,38,20,CDI,7,2,5,0,1
796,236843,1625233,11,39,CDD,5,5,0,1,0
797,456332,1714650,46,61,Sans emploi,1,0,1,0,1
798,206542,1898870,44,19,CDD,9,1,8,0,1
799,223416,1903740,9,41,Sans emploi,7,3,4,1,0
800,355062,499953,18,51,Sans emploi,2,2,0,1,0
801,364368,1971070,54,44,Indépendant,6,4,2,0,1
802,89298,1071741,7,58,CDD,2,1,1,0,1
803,392363,938003,10,18,CDI,1,1,0,1,0
804,111629,1436230,49,25,Indépendant,7,2,5,0,1
805,378184,381570,32,40,Indépendant,2,2,0,1,0
806,280907,1185841,37,55,CDI,2,2,0,1,0
807,340160,1397897,26,23,Indépendant,5,1,4,0,1
808,73960,166150,13,39,Sans emploi,5,3,2,1,0
809,345735,1760176,43,42,Sans emploi,7,5,2,1,0
810,263920,1238189,13,35,CDD,1,0,1,0,1
811,415477,437054,55,34,CDD,8,0,8,0,1
812,292804,1987383,8,29,CDI,3,3,0,1,0
813,426965,221826,59,23,CDD,4,2,2,0,1
814,348539,659723,49,43,Sans emploi,9,9,0,1,0
815,179695,550348,8,44,CDI,4,2,2,1,0
816,465916,1358593,27,25,CDI,5,3,2,0,1
817,346764,1099554,11,36,CDD,7,2,5,0,1
818,284286,234055,7,59,Sans emploi,4,1,3,0,1
819,178148,590457,28,18,CDI,1,1,0,1,0
820,332703,776022,49,46,Sans emploi,9,0,9,0,1
821,405540,909942,7,62,Sans emploi,4,1,3,0,1
822,242714,1882123,43,52,Sans emploi,9,7,2,1,0
823,257611,796358,22,57,CDD,6,5,1,1,0
824,333876,1598638,40,31,Indépendant,1,1,0,1,0
825,309747,1242647,39,52,Indépendant,3,3,0,1,0
826,141362,1941648,28,62,CDI,2,2,0,1,0
827,473570,1455267,35,37,Sans emploi,9,5,4,1,0
828,325987,941052,57,30,CDD,1,1,0,1,0
829,164065,246389,13,55,Sans emploi,9,8,1,1,0
830,383870,1788472,27,63,Sans emploi,9,6,3,1,0
831,67640,369708,49,25,CDD,8,8,0,1,0
832,102528,1831281,41,60,Indépendant,8,4,4,1,0
833,350557,738112,10,37,Sans emploi,1,0,1,0,1
834,309214,1111727,18,50,Sans emploi,8,6,2,1,0
835,364782,354444,34,43,Indépendant,3,3,0,1,0
836,495952,703561,36,56,CDD,7,7,0,1,0
837,160133,961291,52,38,CDI,1,1,0,1,0
838,418501,311837,21,59,Indépendant,1,0,1,0,1
839,249938,210017,47,60,CDI,5,0,5,0,1
840,200159,223618,35,58,CDI,5,0,5,0,1
841,222502,559297,21,26,Indépendant,8,5,3,0,1
842,205576,1273917,17,41,Sans emploi,7,7,0,1,0
843,450330,1120154,22,54,CDI,8,4,4,1,0
844,391003,915862,21,58,CDI,6,6,0,1,0
845,411801,1879468,17,34,CDD,6,4,2,1,0
846,454191,652076,13,41,Sans emploi,2,1,1,1,0
847,61023,850865,25,38,CDI,6,4,2,0,1
848,71447,541759,8,56,CDD,5,2,3,0,1
849,438043,982554,21,58,Sans emploi,3,1,2,0,1
850,336103,1712838,35,56,Indépendant,6,2,4,0,1
851,116203,993741,50,30,Indépendant,8,6,2,1,0
852,431300,640659,28,28,CDD,9,9,0,1,0
853,210775,1980092,33,63,Indépendant,1,0,1,0,1
854,59337,522845,56,36,CDI,3,2,1,1,0
855,96427,806544,45,28,Sans emploi,3,0,3,0,1
856,373673,424060,59,30,CDI,8,2,6,0,1
857,414167,1746836,10,63,CDI,1,0,1,0,1
858,396809,1341835,25,62,Indépendant,5,1,4,0,1
859,155787,375128,45,18,CDI,3,3,0,1,0
860,212993,919471,49,57,Indépendant,2,0,2,0,1
861,345451,709719,6,61,Sans emploi,8,2,6,0,1
862,470571,970123,35,36,Sans emploi,3,1,2,0,1
863,177016,945038,26,29,CDI,7,3,4,1,0
864,316979,1552408,25,25,CDD,1,0,1,0,1
865,70159,989097,11,25,Indépendant,6,5,1,1,0
866,228677,1778237,27,62,Indépendant,3,0,3,0,1
867,433934,1329720,23,29,CDI,8,2,6,0,1
868,417760,1959582,13,50,Indépendant,6,2,4,0,1
869,481304,350195,44,62,Indépendant,2,2,0,1,0
870,390896,1292324,37,43,CDD,6,1,5,0,1
871,367428,1552608,38,56,CDD,7,3,4,0,1
872,369187,132733,58,45,CDI,5,3,2,0,1
873,216619,1889616,21,22,CDD,3,2,1,1,0
874,409151,626338,17,25,CDI,4,4,0,1,0
875,132844,209996,43,42,Sans emploi,4,2,2,0,1
876,77532,658221,57,44,CDI,6,4,2,1,0
877,215421,649239,39,63,Sans emploi,1,1,0,1,0
878,172402,656701,19,40,CDI,4,4,0,1,0
879,168012,1314449,41,47,Indépendant,4,2,2,1,0
880,488661,1859555,38,62,CDD,1,1,0,1,0
881,448929,1050417,28,64,Sans emploi,9,8,1,1,0
882,106178,999005,55,40,CDI,4,3,1,1,0
883,99407,1136580,50,64,CDD,7,5,2,1,0
884,100990,533816,7,37,CDI,3,0,3,0,1
885,179473,1861711,46,35,CDD,3,0,3,0,1
886,370285,1370464,26,35,CDD,8,8,0,1,0
887,467009,885332,7,19,CDI,8,6,2,1,0
888,368714,1894029,32,21,Sans emploi,1,0,1,0,1
889,276156,867950,14,47,Sans emploi,2,2,0,1,0
890,218964,266472,6,50,Indépendant,8,5,3,1,0
891,51015,497710,16,53,CDD,1,1,0,1,0
892,111813,311760,8,35,Indépendant,8,8,0,1,0
893,77712,222744,57,54,Indépendant,8,5,3,0,1
894,150497,1878627,28,36,CDI,2,0,2,0,1
895,451631,1650522,31,64,CDI,4,4,0,1,0
896,292926,1191577,9,45,CDI,6,3,3,0,1
897,162816,691652,23,57,CDD,9,0,9,0,1
898,178778,1011420,11,37,CDI,8,7,1,1,0
899,112292,931460,40,50,CDI,8,7,1,1,0
900,335977,338506,27,29,CDD,7,0,7,0,1
901,185230,853019,48,32,CDD,9,8,1,1,0
902,243752,530789,20,58,Sans emploi,2,1,1,1,0
903,332453,1804742,27,56,CDI,3,3,0,1,0
904,319114,1010775,42,19,CDI,8,8,0,1,0
905,384618,1860574,57,46,CDI,6,0,6,0,1
906,358684,1801165,47,58,Sans emploi,9,9,0,1,0
907,201456,1012727,17,27,CDI,4,0,4,0,1
908,330161,599722,52,19,Sans emploi,8,3,5,0,1
909,388024,1833693,54,28,Indépendant,3,0,3,0,1
910,155570,658924,47,30,Sans emploi,3,2,1,0,1
911,320846,1884033,43,27,Indépendant,8,5,3,1,0
912,443600,279352,23,31,CDI,5,4,1,1,0
913,50404,910694,50,35,Indépendant,3,2,1,0,1
914,484159,293283,40,26,Sans emploi,1,0,1,0,1
915,228998,1072346,35,56,CDD,3,1,2,0,1
916,472405,1015015,29,45,Indépendant,9,1,8,0,1
917,324907,1598771,47,20,Indépendant,5,2,3,0,1
918,199456,1918460,35,37,CDI,2,2,0,1,0
919,241172,1098974,19,23,Sans emploi,7,0,7,0,1
920,410286,531413,11,44,Indépendant,2,2,0,1,0
921,190932,1452564,8,19,Indépendant,4,2,2,0,1
922,285365,426898,21,46,Indépendant,7,7,0,1,0
923,392786,1051661,12,55,Indépendant,4,0,4,0,1
924,100612,963561,57,20,CDD,7,7,0,1,0
925,335718,402186,19,33,Sans emploi,7,7,0,1,0
926,335668,1210241,14,47,CDI,1,1,0,1,0
927,250244,1395160,20,57,CDI,6,3,3,0,1
928,323060,1265529,26,19,CDD,9,0,9,0,1
929,54809,576072,40,34,Sans emploi,2,1,1,0,1
930,213273,1831312,7,58,Indépendant,3,0,3,0,1
931,234402,1126553,32,29,CDD,5,1,4,0,1
932,194528,1335202,7,52,Sans emploi,9,2,7,0,1
933,499613,245271,40,60,Indépendant,4,1,3,0,1
934,433432,218533,23,18,CDD,1,1,0,1,0
935,88765,1068452,19,62,Sans emploi,4,4,0,1,0
936,478032,1746645,25,32,CDI,6,4,2,1,0
937,357250,1614542,23,43,CDI,5,4,1,1,0
938,366076,166262,15,54,Sans emploi,1,0,1,0,1
939,460316,933032,30,38,CDI,4,3,1,1,0
940,369235,176898,7,48,Sans emploi,6,5,1,1,0
941,71949,555699,30,42,Indépendant,4,1,3,0,1
942,251152,1297945,59,40,Sans emploi,9,1,8,0,1
943,349888,654736,38,41,Indépendant,5,1,4,0,1
944,226615,388316,41,55,CDD,8,6,2,1,0
945,420463,1156233,36,45,Sans emploi,9,1,8,0,1
946,142193,577602,19,38,CDD,5,3,2,0,1
947,86187,1929553,6,60,CDI,6,6,0,1,0
948,188311,1044189,51,35,Indépendant,1,0,1,0,1
949,436598,1139504,21,53,Sans emploi,7,1,6,0,1
950,326633,474999,59,52,CDD,4,0,4,0,1
951,239089,1832767,51,62,Indépendant,2,2,0,1,0
952,111877,107906,57,26,Indépendant,5,2,3,0,1
953,486341,1472133,8,55,CDI,3,2,1,0,1
954,362066,1726892,40,47,CDI,6,2,4,0,1
955,144074,893719,46,61,Indépendant,8,6,2,1,0
956,213121,1444380,11,51,Indépendant,7,4,3,0,1
957,87131,1617550,30,49,Sans emploi,3,1,2,0,1
958,486160,946936,18,20,Indépendant,8,5,3,0,1
959,165765,815080,58,20,Sans emploi,2,0,2,0,1
960,386107,1775843,39,45,Indépendant,9,7,2,1,0
961,156884,134701,13,61,CDI,4,0,4,0,1
962,175917,1231876,26,32,Sans emploi,1,0,1,0,1
963,336429,865537,39,58,CDD,8,2,6,0,1
964,349770,1821610,9,40,CDI,7,2,5,0,1
965,223880,183560,30,57,Sans emploi,5,5,0,1,0
966,497087,342615,20,28,Sans emploi,5,5,0,1,0
967,331342,143642,9,49,CDD,7,2,5,0,1
968,462974,617083,50,53,Sans emploi,5,1,4,0,1
969,65254,591036,17,50,Indépendant,8,6,2,1,0
970,94238,427304,37,41,CDD,6,3,3,0,1
971,51252,1952610,37,56,CDI,5,3,2,1,0
972,351908,465464,33,51,CDI,9,0,9,0,1
973,389853,713089,18,45,Indépendant,2,2,0,1,0
974,480657,1436651,36,54,CDI,1,1,0,1,0
975,365826,1242953,19,24,Sans emploi,8,3,5,0,1
976,371638,1964200,25,21,Sans emploi,3,0,3,0,1
977,131317,1981550,23,54,Indépendant,7,5,2,1,0
978,377359,1977528,34,18,CDI,8,0,8,0,1
979,128587,426916,11,18,CDI,6,4,2,0,1
980,56949,1600554,37,64,Indépendant,9,9,0,1,0
981,288897,412250,34,37,CDD,7,2,5,0,1
982,367537,705409,48,36,CDI,5,1,4,0,1
983,254625,1174135,7,46,CDD,8,2,6,0,1
984,188013,992027,28,27,CDI,2,1,1,0,1
985,75934,658030,24,35,CDI,7,4,3,0,1
986,466602,956101,36,45,CDI,4,3,1,1,0
987,306434,1825690,56,52,CDI,9,5,4,1,0
988,387889,1283620,10,60,Sans emploi,1,1,0,1,0
989,406600,1260793,24,64,CDD,7,7,0,1,0
990,365557,1714737,39,48,CDD,6,3,3,0,1
991,409383,992964,15,44,CDI,8,2,6,0,1
992,354462,503119,30,28,CDI,5,3,2,0,1
993,300875,758380,7,55,CDD,1,0,1,0,1
994,120390,1976763,16,22,Sans emploi,1,1,0,1,0
995,233401,1235564,55,25,Indépendant,9,7,2,1,0
996,303490,669936,36,51,Indépendant,6,3,3,1,0
997,93088,225991,20,29,CDD,5,5,0,1,0
998,297940,502732,14,55,CDI,1,0,1,0,1
999,415340,606079,28,18,CDI,6,1,5,0,1
1000,483027,626684,24,48,Sans emploi,6,4,2,0,1
